filename,original_file,animal_name,animal_sex,call_type,duration_s
Wheek_2_Feb_09_2022_57523372_ms_50996_51422.wav,2_February_09_2022_57523372.wav,Silicon,Male,Wheek,0.425999999999995
Wheek_2_Mar_15_2022_48831361_ms_10077_10851.wav,2_March_15_2022_48831361.wav,Silicon+Sodium,Male,Wheek,0.774000000000001
Wheek_2_Mar_15_2022_48831361_ms_11378_11858.wav,2_March_15_2022_48831361.wav,Silicon+Sodium,Male,Wheek,0.48
Wheek_2_Mar_15_2022_48831361_ms_2767_3535.wav,2_March_15_2022_48831361.wav,Silicon+Sodium,Male,Wheek,0.768
Wheek_2_Mar_15_2022_48831361_ms_6320_7807.wav,2_March_15_2022_48831361.wav,Silicon+Sodium,Male,Wheek,1.487
Wheek_2_Mar_15_2022_48831361_ms_7900_8792.wav,2_March_15_2022_48831361.wav,Silicon+Sodium,Male,Wheek,0.891999999999999
Wheek_2_Mar_15_2022_48831361_ms_8973_9952.wav,2_March_15_2022_48831361.wav,Silicon+Sodium,Male,Wheek,0.978999999999999
Wheek_2_Mar_17_2022_60716818_ms_104259_105728.wav,2_March_17_2022_60716818.wav,Colony,n/a,Wheek,1.46899999999999
Wheek_2_Mar_17_2022_60716818_ms_99941_101138.wav,2_March_17_2022_60716818.wav,Colony,n/a,Wheek,1.197
Wheek_2_Mar_18_2022_53107870_ms_135111_136628.wav,2_March_18_2022_53107870.wav,Colony,n/a,Wheek,1.517
Wheek_2_Mar_18_2022_53272686_ms_131567_132382.wav,2_March_18_2022_53272686.wav,Colony,n/a,Wheek,0.814999999999998
Wheek_2_Mar_18_2022_53272686_ms_132382_133915.wav,2_March_18_2022_53272686.wav,Colony,n/a,Wheek,1.53299999999999
Wheek_2_Mar_18_2022_53272686_ms_136313_137010.wav,2_March_18_2022_53272686.wav,Colony,n/a,Wheek,0.697000000000003
Wheek_2_Mar_18_2022_53272686_ms_13730_14873.wav,2_March_18_2022_53272686.wav,Colony,n/a,Wheek,1.143
Wheek_2_Mar_18_2022_53272686_ms_139479_141036.wav,2_March_18_2022_53272686.wav,Colony,n/a,Wheek,1.55699999999999
Wheek_2_Mar_18_2022_53272686_ms_1509_3062.wav,2_March_18_2022_53272686.wav,Colony,n/a,Wheek,1.553
Wheek_2_Mar_18_2022_53272686_ms_17550_19268.wav,2_March_18_2022_53272686.wav,Colony,n/a,Wheek,1.718
Wheek_2_Mar_18_2022_53272686_ms_22751_24033.wav,2_March_18_2022_53272686.wav,Colony,n/a,Wheek,1.282
Wheek_2_Mar_18_2022_53272686_ms_24420_25695.wav,2_March_18_2022_53272686.wav,Colony,n/a,Wheek,1.275
Wheek_2_Mar_18_2022_53272686_ms_49068_50599.wav,2_March_18_2022_53272686.wav,Colony,n/a,Wheek,1.531
Wheek_2_Mar_18_2022_53272686_ms_51761_52477.wav,2_March_18_2022_53272686.wav,Colony,n/a,Wheek,0.715999999999994
Wheek_2_Mar_18_2022_53272686_ms_54436_55697.wav,2_March_18_2022_53272686.wav,Colony,n/a,Wheek,1.261
Wheek_2_Mar_18_2022_53272686_ms_55842_57195.wav,2_March_18_2022_53272686.wav,Colony,n/a,Wheek,1.353
Wheek_2_Mar_18_2022_53272686_ms_59554_60242.wav,2_March_18_2022_53272686.wav,Colony,n/a,Wheek,0.687999999999995
Wheek_2_Mar_18_2022_53272686_ms_62568_63528.wav,2_March_18_2022_53272686.wav,Colony,n/a,Wheek,0.960000000000001
Wheek_2_Mar_18_2022_53272686_ms_8430_9583.wav,2_March_18_2022_53272686.wav,Colony,n/a,Wheek,1.153
Wheek_2_Mar_18_2022_53272686_ms_87967_88902.wav,2_March_18_2022_53272686.wav,Colony,n/a,Wheek,0.935000000000002
Wheek_2_Mar_18_2022_53272686_ms_9600_10667.wav,2_March_18_2022_53272686.wav,Colony,n/a,Wheek,1.067
Wheek_2_Mar_18_2022_53437475_ms_21293_22216.wav,2_March_18_2022_53437475.wav,Colony,n/a,Wheek,0.923000000000002
Wheek_2_Mar_18_2022_53437475_ms_48679_50203.wav,2_March_18_2022_53437475.wav,Colony,n/a,Wheek,1.524
Wheek_2_Mar_18_2022_54096327_ms_93045_94027.wav,2_March_18_2022_54096327.wav,Colony,n/a,Wheek,0.981999999999999
Wheek_2_Mar_18_2022_54261088_ms_10643_11811.wav,2_March_18_2022_54261088.wav,Colony,n/a,Wheek,1.168
Wheek_2_Mar_18_2022_54920193_ms_122088_123107.wav,2_March_18_2022_54920193.wav,Colony,n/a,Wheek,1.01900000000001
Wheek_2_Mar_18_2022_54920193_ms_127933_128700.wav,2_March_18_2022_54920193.wav,Colony,n/a,Wheek,0.766999999999982
Wheek_2_Mar_18_2022_54920193_ms_130208_131544.wav,2_March_18_2022_54920193.wav,Colony,n/a,Wheek,1.33600000000001
Wheek_2_Mar_18_2022_54920193_ms_132713_133864.wav,2_March_18_2022_54920193.wav,Colony,n/a,Wheek,1.15100000000001
Wheek_2_Mar_18_2022_54920193_ms_135536_136980.wav,2_March_18_2022_54920193.wav,Colony,n/a,Wheek,1.44399999999999
Wheek_2_Mar_18_2022_54920193_ms_141227_142453.wav,2_March_18_2022_54920193.wav,Colony,n/a,Wheek,1.226
Wheek_2_Mar_18_2022_54920193_ms_144701_145852.wav,2_March_18_2022_54920193.wav,Colony,n/a,Wheek,1.15100000000001
Wheek_2_Mar_18_2022_55249869_ms_19047_19979.wav,2_March_18_2022_55249869.wav,Colony,n/a,Wheek,0.931999999999999
Wheek_2_Mar_18_2022_55414647_ms_149680_150500.wav,2_March_18_2022_55414647.wav,Colony,n/a,Wheek,0.819999999999993
Wheek_2_Mar_18_2022_55414647_ms_150501_151957.wav,2_March_18_2022_55414647.wav,Colony,n/a,Wheek,1.45599999999999
Wheek_2_Mar_18_2022_55579450_ms_34361_35466.wav,2_March_18_2022_55579450.wav,Colony,n/a,Wheek,1.105
Wheek_2_Mar_18_2022_55579450_ms_71621_72615.wav,2_March_18_2022_55579450.wav,Colony,n/a,Wheek,0.994
Wheek_2_Mar_18_2022_55744238_ms_123499_124484.wav,2_March_18_2022_55744238.wav,Colony,n/a,Wheek,0.984999999999999
Wheek_2_Mar_18_2022_55744238_ms_124500_125242.wav,2_March_18_2022_55744238.wav,Colony,n/a,Wheek,0.742000000000004
Wheek_2_Mar_18_2022_55744238_ms_126726_127869.wav,2_March_18_2022_55744238.wav,Colony,n/a,Wheek,1.143
Wheek_2_Mar_18_2022_55909154_ms_57126_58130.wav,2_March_18_2022_55909154.wav,Colony,n/a,Wheek,1.004
Wheek_2_Mar_18_2022_56073838_ms_136124_136840.wav,2_March_18_2022_56073838.wav,Colony,n/a,Wheek,0.716000000000008
Wheek_2_Mar_18_2022_56073838_ms_149600_150444.wav,2_March_18_2022_56073838.wav,Colony,n/a,Wheek,0.843999999999994
Wheek_2_Mar_18_2022_56073838_ms_151524_152515.wav,2_March_18_2022_56073838.wav,Colony,n/a,Wheek,0.990999999999985
Wheek_2_Mar_18_2022_56733048_ms_107157_108442.wav,2_March_18_2022_56733048.wav,Colony,n/a,Wheek,1.285
Wheek_2_Mar_18_2022_56733048_ms_152495_154042.wav,2_March_18_2022_56733048.wav,Colony,n/a,Wheek,1.547
Wheek_2_Mar_18_2022_57062637_ms_127800_128571.wav,2_March_18_2022_57062637.wav,Colony,n/a,Wheek,0.771000000000001
Wheek_2_Mar_18_2022_57227325_ms_127234_128746.wav,2_March_18_2022_57227325.wav,Colony,n/a,Wheek,1.51200000000001
Wheek_2_Mar_18_2022_57227325_ms_39385_40506.wav,2_March_18_2022_57227325.wav,Colony,n/a,Wheek,1.121
Wheek_2_Mar_18_2022_58709772_ms_101434_102558.wav,2_March_18_2022_58709772.wav,Colony,n/a,Wheek,1.12400000000001
Wheek_2_Mar_18_2022_58709772_ms_104353_105552.wav,2_March_18_2022_58709772.wav,Colony,n/a,Wheek,1.19900000000001
Wheek_2_Mar_18_2022_58709772_ms_106343_107059.wav,2_March_18_2022_58709772.wav,Colony,n/a,Wheek,0.715999999999994
Wheek_2_Mar_18_2022_58709772_ms_48847_50019.wav,2_March_18_2022_58709772.wav,Colony,n/a,Wheek,1.172
Wheek_2_Mar_18_2022_58709772_ms_51924_53285.wav,2_March_18_2022_58709772.wav,Colony,n/a,Wheek,1.361
Wheek_2_Mar_18_2022_58709772_ms_87860_89111.wav,2_March_18_2022_58709772.wav,Colony,n/a,Wheek,1.251
Wheek_2_Mar_19_2022_51772294_ms_108523_109549.wav,2_March_19_2022_51772294.wav,Colony,n/a,Wheek,1.02600000000001
Wheek_2_Mar_19_2022_51772294_ms_110780_111334.wav,2_March_19_2022_51772294.wav,Colony,n/a,Wheek,0.554000000000002
Wheek_2_Mar_19_2022_51772294_ms_112227_113232.wav,2_March_19_2022_51772294.wav,Colony,n/a,Wheek,1.005
Wheek_2_Mar_19_2022_51772294_ms_115753_117049.wav,2_March_19_2022_51772294.wav,Colony,n/a,Wheek,1.29600000000001
Wheek_2_Mar_19_2022_51772294_ms_117081_118691.wav,2_March_19_2022_51772294.wav,Colony,n/a,Wheek,1.61
Wheek_2_Mar_19_2022_51772294_ms_122849_123877.wav,2_March_19_2022_51772294.wav,Colony,n/a,Wheek,1.02799999999999
Wheek_2_Mar_19_2022_51772294_ms_143600_144542.wav,2_March_19_2022_51772294.wav,Colony,n/a,Wheek,0.942000000000007
Wheek_2_Mar_19_2022_51772294_ms_144559_145955.wav,2_March_19_2022_51772294.wav,Colony,n/a,Wheek,1.39600000000002
Wheek_2_Mar_19_2022_51772294_ms_68387_69656.wav,2_March_19_2022_51772294.wav,Colony,n/a,Wheek,1.26900000000001
Wheek_2_Mar_19_2022_51772294_ms_69652_70750.wav,2_March_19_2022_51772294.wav,Colony,n/a,Wheek,1.098
Wheek_2_Mar_19_2022_51937117_ms_116408_117307.wav,2_March_19_2022_51937117.wav,Colony,n/a,Wheek,0.899000000000001
Wheek_2_Mar_19_2022_51937117_ms_159100_160412.wav,2_March_19_2022_51937117.wav,Colony,n/a,Wheek,1.31200000000001
Wheek_2_Mar_19_2022_51937117_ms_30186_31114.wav,2_March_19_2022_51937117.wav,Colony,n/a,Wheek,0.928000000000001
Wheek_2_Mar_19_2022_51937117_ms_32743_33672.wav,2_March_19_2022_51937117.wav,Colony,n/a,Wheek,0.928999999999995
Wheek_2_Mar_19_2022_51937117_ms_6162_7445.wav,2_March_19_2022_51937117.wav,Colony,n/a,Wheek,1.283
Wheek_2_Mar_19_2022_51937117_ms_66100_66862.wav,2_March_19_2022_51937117.wav,Colony,n/a,Wheek,0.762
Wheek_2_Mar_19_2022_51937117_ms_7469_8234.wav,2_March_19_2022_51937117.wav,Colony,n/a,Wheek,0.765
Wheek_2_Mar_19_2022_51937117_ms_76365_77197.wav,2_March_19_2022_51937117.wav,Colony,n/a,Wheek,0.832000000000008
Wheek_2_Mar_19_2022_51937117_ms_79773_80933.wav,2_March_19_2022_51937117.wav,Colony,n/a,Wheek,1.16000000000001
Wheek_2_Mar_19_2022_51937117_ms_81451_82147.wav,2_March_19_2022_51937117.wav,Colony,n/a,Wheek,0.696000000000012
Wheek_2_Mar_19_2022_52101723_ms_33411_34307.wav,2_March_19_2022_52101723.wav,Colony,n/a,Wheek,0.896000000000001
Wheek_2_Mar_19_2022_52101723_ms_75403_76068.wav,2_March_19_2022_52101723.wav,Colony,n/a,Wheek,0.664999999999992
Wheek_2_Mar_19_2022_52266449_ms_32800_33893.wav,2_March_19_2022_52266449.wav,Colony,n/a,Wheek,1.093
Wheek_2_Mar_19_2022_52266449_ms_71625_72554.wav,2_March_19_2022_52266449.wav,Colony,n/a,Wheek,0.929000000000002
Wheek_2_Mar_19_2022_52431171_ms_107420_108353.wav,2_March_19_2022_52431171.wav,Colony,n/a,Wheek,0.932999999999993
Wheek_2_Mar_19_2022_52431171_ms_112379_113255.wav,2_March_19_2022_52431171.wav,Colony,n/a,Wheek,0.875999999999991
Wheek_2_Mar_19_2022_52431171_ms_115000_116060.wav,2_March_19_2022_52431171.wav,Colony,n/a,Wheek,1.06
Wheek_2_Mar_19_2022_52431171_ms_116070_117000.wav,2_March_19_2022_52431171.wav,Colony,n/a,Wheek,0.930000000000007
Wheek_2_Mar_19_2022_52431171_ms_4700_5395.wav,2_March_19_2022_52431171.wav,Colony,n/a,Wheek,0.694999999999999
Wheek_2_Mar_19_2022_52431171_ms_8058_9049.wav,2_March_19_2022_52431171.wav,Colony,n/a,Wheek,0.991
Wheek_2_Mar_19_2022_52595977_ms_100083_101243.wav,2_March_19_2022_52595977.wav,Colony,n/a,Wheek,1.16
Wheek_2_Mar_19_2022_52595977_ms_104013_105270.wav,2_March_19_2022_52595977.wav,Colony,n/a,Wheek,1.25699999999999
Wheek_2_Mar_19_2022_52595977_ms_37463_38140.wav,2_March_19_2022_52595977.wav,Colony,n/a,Wheek,0.677
Wheek_2_Mar_19_2022_52595977_ms_39000_40110.wav,2_March_19_2022_52595977.wav,Colony,n/a,Wheek,1.11
Wheek_2_Mar_19_2022_52595977_ms_63000_63881.wav,2_March_19_2022_52595977.wav,Colony,n/a,Wheek,0.881
Wheek_2_Mar_19_2022_52595977_ms_79746_80674.wav,2_March_19_2022_52595977.wav,Colony,n/a,Wheek,0.928000000000011
Wheek_2_Mar_19_2022_52595977_ms_97493_98575.wav,2_March_19_2022_52595977.wav,Colony,n/a,Wheek,1.08200000000001
Wheek_2_Mar_19_2022_52760653_ms_102264_103211.wav,2_March_19_2022_52760653.wav,Colony,n/a,Wheek,0.947000000000003
Wheek_2_Mar_19_2022_52760653_ms_162497_163425.wav,2_March_19_2022_52760653.wav,Colony,n/a,Wheek,0.927999999999997
Wheek_2_Mar_19_2022_52760653_ms_46652_47452.wav,2_March_19_2022_52760653.wav,Colony,n/a,Wheek,0.799999999999997
Wheek_2_Mar_19_2022_52760653_ms_56641_57835.wav,2_March_19_2022_52760653.wav,Colony,n/a,Wheek,1.194
Wheek_2_Mar_19_2022_52760653_ms_83526_84283.wav,2_March_19_2022_52760653.wav,Colony,n/a,Wheek,0.757000000000005
Wheek_2_Mar_19_2022_52760653_ms_84297_85551.wav,2_March_19_2022_52760653.wav,Colony,n/a,Wheek,1.254
Wheek_2_Mar_19_2022_52760653_ms_88625_90032.wav,2_March_19_2022_52760653.wav,Colony,n/a,Wheek,1.407
Wheek_2_Mar_19_2022_52760653_ms_93717_95087.wav,2_March_19_2022_52760653.wav,Colony,n/a,Wheek,1.37
Wheek_2_Mar_19_2022_52925459_ms_102161_103470.wav,2_March_19_2022_52925459.wav,Colony,n/a,Wheek,1.309
Wheek_2_Mar_19_2022_52925459_ms_116010_116891.wav,2_March_19_2022_52925459.wav,Colony,n/a,Wheek,0.881
Wheek_2_Mar_19_2022_52925459_ms_123190_124089.wav,2_March_19_2022_52925459.wav,Colony,n/a,Wheek,0.899000000000001
Wheek_2_Mar_19_2022_52925459_ms_124487_125613.wav,2_March_19_2022_52925459.wav,Colony,n/a,Wheek,1.126
Wheek_2_Mar_19_2022_52925459_ms_144542_145163.wav,2_March_19_2022_52925459.wav,Colony,n/a,Wheek,0.621000000000009
Wheek_2_Mar_19_2022_52925459_ms_15760_16511.wav,2_March_19_2022_52925459.wav,Colony,n/a,Wheek,0.750999999999999
Wheek_2_Mar_19_2022_52925459_ms_16596_17482.wav,2_March_19_2022_52925459.wav,Colony,n/a,Wheek,0.885999999999999
Wheek_2_Mar_19_2022_52925459_ms_48228_48827.wav,2_March_19_2022_52925459.wav,Colony,n/a,Wheek,0.598999999999997
Wheek_2_Mar_19_2022_52925459_ms_508_1396.wav,2_March_19_2022_52925459.wav,Colony,n/a,Wheek,0.888
Wheek_2_Mar_19_2022_52925459_ms_96989_97760.wav,2_March_19_2022_52925459.wav,Colony,n/a,Wheek,0.771000000000001
Wheek_2_Mar_19_2022_52925459_ms_98413_99563.wav,2_March_19_2022_52925459.wav,Colony,n/a,Wheek,1.15000000000001
Wheek_2_Mar_19_2022_53090306_ms_107820_108657.wav,2_March_19_2022_53090306.wav,Colony,n/a,Wheek,0.837000000000003
Wheek_2_Mar_19_2022_53090306_ms_111295_112236.wav,2_March_19_2022_53090306.wav,Colony,n/a,Wheek,0.941000000000003
Wheek_2_Mar_19_2022_53090306_ms_133044_133653.wav,2_March_19_2022_53090306.wav,Colony,n/a,Wheek,0.60899999999998
Wheek_2_Mar_19_2022_53090306_ms_143858_145390.wav,2_March_19_2022_53090306.wav,Colony,n/a,Wheek,1.53199999999998
Wheek_2_Mar_19_2022_53090306_ms_88000_88611.wav,2_March_19_2022_53090306.wav,Colony,n/a,Wheek,0.611000000000004
Wheek_2_Mar_19_2022_53090306_ms_92618_93476.wav,2_March_19_2022_53090306.wav,Colony,n/a,Wheek,0.858000000000004
Wheek_2_Mar_19_2022_53090306_ms_9630_10707.wav,2_March_19_2022_53090306.wav,Colony,n/a,Wheek,1.077
Wheek_2_Mar_19_2022_53255034_ms_10162_11084.wav,2_March_19_2022_53255034.wav,Colony,n/a,Wheek,0.921999999999999
Wheek_2_Mar_19_2022_53255034_ms_25423_26303.wav,2_March_19_2022_53255034.wav,Colony,n/a,Wheek,0.880000000000003
Wheek_2_Mar_19_2022_53255034_ms_47196_48770.wav,2_March_19_2022_53255034.wav,Colony,n/a,Wheek,1.57400000000001
Wheek_2_Mar_19_2022_53255034_ms_49030_49780.wav,2_March_19_2022_53255034.wav,Colony,n/a,Wheek,0.75
Wheek_2_Mar_19_2022_53419751_ms_137567_138710.wav,2_March_19_2022_53419751.wav,Colony,n/a,Wheek,1.143
Wheek_2_Mar_19_2022_53419751_ms_139635_140945.wav,2_March_19_2022_53419751.wav,Colony,n/a,Wheek,1.31
Wheek_2_Mar_19_2022_53419751_ms_14505_15457.wav,2_March_19_2022_53419751.wav,Colony,n/a,Wheek,0.952
Wheek_2_Mar_19_2022_53584601_ms_107048_108118.wav,2_March_19_2022_53584601.wav,Colony,n/a,Wheek,1.06999999999999
Wheek_2_Mar_19_2022_53584601_ms_135382_136675.wav,2_March_19_2022_53584601.wav,Colony,n/a,Wheek,1.29300000000001
Wheek_2_Mar_19_2022_53584601_ms_17757_18492.wav,2_March_19_2022_53584601.wav,Colony,n/a,Wheek,0.734999999999999
Wheek_2_Mar_19_2022_53584601_ms_70300_71486.wav,2_March_19_2022_53584601.wav,Colony,n/a,Wheek,1.18600000000001
Wheek_2_Mar_19_2022_53584601_ms_72361_73130.wav,2_March_19_2022_53584601.wav,Colony,n/a,Wheek,0.768999999999991
Wheek_2_Mar_19_2022_53584601_ms_73131_74147.wav,2_March_19_2022_53584601.wav,Colony,n/a,Wheek,1.01600000000001
Wheek_2_Mar_19_2022_53584601_ms_74232_75489.wav,2_March_19_2022_53584601.wav,Colony,n/a,Wheek,1.25700000000001
Wheek_2_Mar_19_2022_53584601_ms_77395_78336.wav,2_March_19_2022_53584601.wav,Colony,n/a,Wheek,0.941000000000003
Wheek_2_Mar_19_2022_53584601_ms_9488_10833.wav,2_March_19_2022_53584601.wav,Colony,n/a,Wheek,1.345
Wheek_2_Mar_19_2022_53749369_ms_50863_52058.wav,2_March_19_2022_53749369.wav,Colony,n/a,Wheek,1.195
Wheek_2_Mar_19_2022_53914084_ms_115633_116317.wav,2_March_19_2022_53914084.wav,Colony,n/a,Wheek,0.683999999999997
Wheek_2_Mar_19_2022_53914084_ms_56400_57644.wav,2_March_19_2022_53914084.wav,Colony,n/a,Wheek,1.244
Wheek_2_Mar_19_2022_53914084_ms_75054_76067.wav,2_March_19_2022_53914084.wav,Colony,n/a,Wheek,1.01299999999999
Wheek_2_Mar_19_2022_53914084_ms_76081_76761.wav,2_March_19_2022_53914084.wav,Colony,n/a,Wheek,0.679999999999993
Wheek_2_Mar_19_2022_54078811_ms_1131_2369.wav,2_March_19_2022_54078811.wav,Colony,n/a,Wheek,1.238
Wheek_2_Mar_19_2022_54078811_ms_40066_40930.wav,2_March_19_2022_54078811.wav,Colony,n/a,Wheek,0.863999999999997
Wheek_2_Mar_19_2022_54243655_ms_11700_12547.wav,2_March_19_2022_54243655.wav,Colony,n/a,Wheek,0.847000000000001
Wheek_2_Mar_19_2022_54243655_ms_12548_13940.wav,2_March_19_2022_54243655.wav,Colony,n/a,Wheek,1.392
Wheek_2_Mar_19_2022_54243655_ms_127494_128254.wav,2_March_19_2022_54243655.wav,Colony,n/a,Wheek,0.759999999999991
Wheek_2_Mar_19_2022_54243655_ms_132553_133413.wav,2_March_19_2022_54243655.wav,Colony,n/a,Wheek,0.860000000000014
Wheek_2_Mar_19_2022_54243655_ms_134227_134880.wav,2_March_19_2022_54243655.wav,Colony,n/a,Wheek,0.652999999999992
Wheek_2_Mar_19_2022_54243655_ms_135660_136467.wav,2_March_19_2022_54243655.wav,Colony,n/a,Wheek,0.807000000000016
Wheek_2_Mar_19_2022_54243655_ms_145816_146930.wav,2_March_19_2022_54243655.wav,Colony,n/a,Wheek,1.114
Wheek_2_Mar_19_2022_54243655_ms_4500_5387.wav,2_March_19_2022_54243655.wav,Colony,n/a,Wheek,0.887
Wheek_2_Mar_19_2022_54243655_ms_50916_51980.wav,2_March_19_2022_54243655.wav,Colony,n/a,Wheek,1.064
Wheek_2_Mar_19_2022_54408478_ms_105943_106688.wav,2_March_19_2022_54408478.wav,Colony,n/a,Wheek,0.745000000000005
Wheek_2_Mar_19_2022_54408478_ms_115494_116686.wav,2_March_19_2022_54408478.wav,Colony,n/a,Wheek,1.19200000000001
Wheek_2_Mar_19_2022_54408478_ms_141231_143012.wav,2_March_19_2022_54408478.wav,Colony,n/a,Wheek,1.78100000000001
Wheek_2_Mar_19_2022_54408478_ms_152783_153540.wav,2_March_19_2022_54408478.wav,Colony,n/a,Wheek,0.757000000000005
Wheek_2_Mar_19_2022_54408478_ms_157424_158106.wav,2_March_19_2022_54408478.wav,Colony,n/a,Wheek,0.681999999999988
Wheek_2_Mar_19_2022_54408478_ms_60635_61660.wav,2_March_19_2022_54408478.wav,Colony,n/a,Wheek,1.025
Wheek_2_Mar_19_2022_54408478_ms_6780_7500.wav,2_March_19_2022_54408478.wav,Colony,n/a,Wheek,0.72
Wheek_2_Mar_19_2022_54408478_ms_69550_70468.wav,2_March_19_2022_54408478.wav,Colony,n/a,Wheek,0.918000000000006
Wheek_2_Mar_19_2022_54408478_ms_78250_78974.wav,2_March_19_2022_54408478.wav,Colony,n/a,Wheek,0.724000000000004
Wheek_2_Mar_19_2022_54572967_ms_124484_125300.wav,2_March_19_2022_54572967.wav,Colony,n/a,Wheek,0.816000000000003
Wheek_2_Mar_19_2022_54572967_ms_20381_21985.wav,2_March_19_2022_54572967.wav,Colony,n/a,Wheek,1.604
Wheek_2_Mar_19_2022_54572967_ms_42259_42657.wav,2_March_19_2022_54572967.wav,Colony,n/a,Wheek,0.397999999999996
Wheek_2_Mar_19_2022_54572967_ms_89247_90053.wav,2_March_19_2022_54572967.wav,Colony,n/a,Wheek,0.805999999999997
Wheek_2_Mar_19_2022_54737733_ms_28221_29043.wav,2_March_19_2022_54737733.wav,Colony,n/a,Wheek,0.821999999999999
Wheek_2_Mar_19_2022_54737733_ms_32886_33602.wav,2_March_19_2022_54737733.wav,Colony,n/a,Wheek,0.715999999999994
Wheek_2_Mar_19_2022_54737733_ms_33614_34357.wav,2_March_19_2022_54737733.wav,Colony,n/a,Wheek,0.743000000000002
Wheek_2_Mar_19_2022_54737733_ms_72886_73785.wav,2_March_19_2022_54737733.wav,Colony,n/a,Wheek,0.899000000000001
Wheek_2_Mar_19_2022_54737733_ms_989_2044.wav,2_March_19_2022_54737733.wav,Colony,n/a,Wheek,1.055
Wheek_2_Mar_19_2022_54902505_ms_121267_122284.wav,2_March_19_2022_54902505.wav,Colony,n/a,Wheek,1.01700000000001
Wheek_2_Mar_19_2022_54902505_ms_124251_125531.wav,2_March_19_2022_54902505.wav,Colony,n/a,Wheek,1.28
Wheek_2_Mar_19_2022_54902505_ms_128408_129713.wav,2_March_19_2022_54902505.wav,Colony,n/a,Wheek,1.30500000000001
Wheek_2_Mar_19_2022_54902505_ms_129714_130293.wav,2_March_19_2022_54902505.wav,Colony,n/a,Wheek,0.579000000000008
Wheek_2_Mar_19_2022_54902505_ms_134652_135883.wav,2_March_19_2022_54902505.wav,Colony,n/a,Wheek,1.23100000000002
Wheek_2_Mar_19_2022_54902505_ms_135894_136576.wav,2_March_19_2022_54902505.wav,Colony,n/a,Wheek,0.681999999999988
Wheek_2_Mar_19_2022_54902505_ms_137733_138831.wav,2_March_19_2022_54902505.wav,Colony,n/a,Wheek,1.09799999999998
Wheek_2_Mar_19_2022_55067229_ms_126426_127147.wav,2_March_19_2022_55067229.wav,Colony,n/a,Wheek,0.721000000000004
Wheek_2_Mar_19_2022_55067229_ms_127862_129413.wav,2_March_19_2022_55067229.wav,Colony,n/a,Wheek,1.55100000000002
Wheek_2_Mar_19_2022_55232036_ms_26193_27424.wav,2_March_19_2022_55232036.wav,Colony,n/a,Wheek,1.231
Wheek_2_Mar_19_2022_55232036_ms_58531_59603.wav,2_March_19_2022_55232036.wav,Colony,n/a,Wheek,1.072
Wheek_2_Mar_19_2022_55232036_ms_59976_60817.wav,2_March_19_2022_55232036.wav,Colony,n/a,Wheek,0.841000000000001
Wheek_2_Mar_19_2022_55561724_ms_120586_121602.wav,2_March_19_2022_55561724.wav,Colony,n/a,Wheek,1.01600000000001
Wheek_2_Mar_19_2022_55561724_ms_127939_129382.wav,2_March_19_2022_55561724.wav,Colony,n/a,Wheek,1.44300000000001
Wheek_2_Mar_19_2022_55561724_ms_129383_130179.wav,2_March_19_2022_55561724.wav,Colony,n/a,Wheek,0.795999999999992
Wheek_2_Mar_19_2022_55561724_ms_132721_133357.wav,2_March_19_2022_55561724.wav,Colony,n/a,Wheek,0.635999999999996
Wheek_2_Mar_19_2022_55561724_ms_134280_135196.wav,2_March_19_2022_55561724.wav,Colony,n/a,Wheek,0.915999999999997
Wheek_2_Mar_19_2022_55561724_ms_135190_135851.wav,2_March_19_2022_55561724.wav,Colony,n/a,Wheek,0.661000000000001
Wheek_2_Mar_19_2022_55561724_ms_13734_15146.wav,2_March_19_2022_55561724.wav,Colony,n/a,Wheek,1.412
Wheek_2_Mar_19_2022_55561724_ms_142379_143247.wav,2_March_19_2022_55561724.wav,Colony,n/a,Wheek,0.868000000000023
Wheek_2_Mar_19_2022_55561724_ms_158806_159834.wav,2_March_19_2022_55561724.wav,Colony,n/a,Wheek,1.02799999999999
Wheek_2_Mar_19_2022_55561724_ms_160581_161549.wav,2_March_19_2022_55561724.wav,Colony,n/a,Wheek,0.968000000000018
Wheek_2_Mar_19_2022_55561724_ms_162220_163525.wav,2_March_19_2022_55561724.wav,Colony,n/a,Wheek,1.30500000000001
Wheek_2_Mar_19_2022_55561724_ms_68712_69423.wav,2_March_19_2022_55561724.wav,Colony,n/a,Wheek,0.710999999999999
Wheek_2_Mar_19_2022_55726618_ms_119851_121038.wav,2_March_19_2022_55726618.wav,Colony,n/a,Wheek,1.187
Wheek_2_Mar_19_2022_55726618_ms_127098_127956.wav,2_March_19_2022_55726618.wav,Colony,n/a,Wheek,0.858000000000004
Wheek_2_Mar_19_2022_55726618_ms_131127_132000.wav,2_March_19_2022_55726618.wav,Colony,n/a,Wheek,0.87299999999999
Wheek_2_Mar_19_2022_55726618_ms_132010_133114.wav,2_March_19_2022_55726618.wav,Colony,n/a,Wheek,1.10400000000001
Wheek_2_Mar_19_2022_55726618_ms_136786_137817.wav,2_March_19_2022_55726618.wav,Colony,n/a,Wheek,1.03100000000001
Wheek_2_Mar_19_2022_55726618_ms_27582_28966.wav,2_March_19_2022_55726618.wav,Colony,n/a,Wheek,1.384
Wheek_2_Mar_19_2022_55726618_ms_32193_32900.wav,2_March_19_2022_55726618.wav,Colony,n/a,Wheek,0.707000000000001
Wheek_2_Mar_19_2022_55726618_ms_32901_33666.wav,2_March_19_2022_55726618.wav,Colony,n/a,Wheek,0.764999999999993
Wheek_2_Mar_19_2022_55726618_ms_34061_35389.wav,2_March_19_2022_55726618.wav,Colony,n/a,Wheek,1.328
Wheek_2_Mar_19_2022_55726618_ms_79977_81106.wav,2_March_19_2022_55726618.wav,Colony,n/a,Wheek,1.12899999999999
Wheek_2_Mar_19_2022_55891531_ms_30775_31998.wav,2_March_19_2022_55891531.wav,Colony,n/a,Wheek,1.223
Wheek_2_Mar_19_2022_55891531_ms_32407_33427.wav,2_March_19_2022_55891531.wav,Colony,n/a,Wheek,1.02
Wheek_2_Mar_19_2022_55891531_ms_35673_36664.wav,2_March_19_2022_55891531.wav,Colony,n/a,Wheek,0.991
Wheek_2_Mar_19_2022_55891531_ms_41043_41789.wav,2_March_19_2022_55891531.wav,Colony,n/a,Wheek,0.746000000000002
Wheek_2_Mar_19_2022_55891531_ms_45506_46416.wav,2_March_19_2022_55891531.wav,Colony,n/a,Wheek,0.909999999999997
Wheek_2_Mar_19_2022_56056332_ms_161417_162785.wav,2_March_19_2022_56056332.wav,Colony,n/a,Wheek,1.36799999999999
Wheek_2_Mar_19_2022_56056332_ms_32109_32895.wav,2_March_19_2022_56056332.wav,Colony,n/a,Wheek,0.786000000000001
Wheek_2_Mar_19_2022_56056332_ms_40497_41402.wav,2_March_19_2022_56056332.wav,Colony,n/a,Wheek,0.905000000000001
Wheek_2_Mar_19_2022_56221050_ms_150608_151621.wav,2_March_19_2022_56221050.wav,Colony,n/a,Wheek,1.01300000000001
Wheek_2_Mar_19_2022_56221050_ms_4057_5282.wav,2_March_19_2022_56221050.wav,Colony,n/a,Wheek,1.225
Wheek_2_Mar_19_2022_56386043_ms_14050_14774.wav,2_March_19_2022_56386043.wav,Colony,n/a,Wheek,0.723999999999998
Wheek_2_Mar_19_2022_56550897_ms_17500_18513.wav,2_March_19_2022_56550897.wav,Colony,n/a,Wheek,1.013
Wheek_2_Mar_19_2022_56715716_ms_11267_12463.wav,2_March_19_2022_56715716.wav,Colony,n/a,Wheek,1.196
Wheek_2_Mar_19_2022_56880442_ms_100788_102219.wav,2_March_19_2022_56880442.wav,Colony,n/a,Wheek,1.431
Wheek_2_Mar_19_2022_56880442_ms_122877_123992.wav,2_March_19_2022_56880442.wav,Colony,n/a,Wheek,1.11500000000001
Wheek_2_Mar_19_2022_56880442_ms_98553_99454.wav,2_March_19_2022_56880442.wav,Colony,n/a,Wheek,0.900999999999996
Wheek_2_Mar_20_2022_54794211_ms_100277_102069.wav,2_March_20_2022_54794211.wav,Colony,n/a,Wheek,1.792
Wheek_2_Mar_20_2022_54794211_ms_110594_111672.wav,2_March_20_2022_54794211.wav,Colony,n/a,Wheek,1.078
Wheek_2_Mar_20_2022_54794211_ms_127014_128099.wav,2_March_20_2022_54794211.wav,Colony,n/a,Wheek,1.08499999999999
Wheek_2_Mar_20_2022_54794211_ms_129816_130714.wav,2_March_20_2022_54794211.wav,Colony,n/a,Wheek,0.897999999999996
Wheek_2_Mar_20_2022_54794211_ms_137741_139183.wav,2_March_20_2022_54794211.wav,Colony,n/a,Wheek,1.44199999999998
Wheek_2_Mar_20_2022_54794211_ms_140653_141544.wav,2_March_20_2022_54794211.wav,Colony,n/a,Wheek,0.89100000000002
Wheek_2_Mar_20_2022_54794211_ms_151436_152230.wav,2_March_20_2022_54794211.wav,Colony,n/a,Wheek,0.793999999999983
Wheek_2_Mar_20_2022_54794211_ms_34669_35220.wav,2_March_20_2022_54794211.wav,Colony,n/a,Wheek,0.551000000000002
Wheek_2_Mar_20_2022_54794211_ms_35217_36045.wav,2_March_20_2022_54794211.wav,Colony,n/a,Wheek,0.828000000000003
Wheek_2_Mar_20_2022_54794211_ms_37465_38218.wav,2_March_20_2022_54794211.wav,Colony,n/a,Wheek,0.753
Wheek_2_Mar_20_2022_54794211_ms_63660_64446.wav,2_March_20_2022_54794211.wav,Colony,n/a,Wheek,0.786000000000001
Wheek_2_Mar_20_2022_54794211_ms_71398_72230.wav,2_March_20_2022_54794211.wav,Colony,n/a,Wheek,0.832000000000008
Wheek_2_Mar_20_2022_54794211_ms_90000_91477.wav,2_March_20_2022_54794211.wav,Colony,n/a,Wheek,1.477
Wheek_2_Mar_20_2022_54794211_ms_97169_97932.wav,2_March_20_2022_54794211.wav,Colony,n/a,Wheek,0.763000000000005
Wheek_2_Mar_20_2022_54958599_ms_103755_104590.wav,2_March_20_2022_54958599.wav,Colony,n/a,Wheek,0.835000000000008
Wheek_2_Mar_20_2022_54958599_ms_107049_107833.wav,2_March_20_2022_54958599.wav,Colony,n/a,Wheek,0.783999999999992
Wheek_2_Mar_20_2022_54958599_ms_113900_114788.wav,2_March_20_2022_54958599.wav,Colony,n/a,Wheek,0.887999999999991
Wheek_2_Mar_20_2022_54958599_ms_114770_115447.wav,2_March_20_2022_54958599.wav,Colony,n/a,Wheek,0.677000000000007
Wheek_2_Mar_20_2022_54958599_ms_117800_118536.wav,2_March_20_2022_54958599.wav,Colony,n/a,Wheek,0.736000000000004
Wheek_2_Mar_20_2022_54958599_ms_12363_13916.wav,2_March_20_2022_54958599.wav,Colony,n/a,Wheek,1.553
Wheek_2_Mar_20_2022_54958599_ms_76894_78607.wav,2_March_20_2022_54958599.wav,Colony,n/a,Wheek,1.71299999999999
Wheek_2_Mar_20_2022_55123270_ms_101424_102180.wav,2_March_20_2022_55123270.wav,Colony,n/a,Wheek,0.756
Wheek_2_Mar_20_2022_55123270_ms_106622_107617.wav,2_March_20_2022_55123270.wav,Colony,n/a,Wheek,0.995000000000005
Wheek_2_Mar_20_2022_55123270_ms_113287_113900.wav,2_March_20_2022_55123270.wav,Colony,n/a,Wheek,0.613
Wheek_2_Mar_20_2022_55123270_ms_133665_134389.wav,2_March_20_2022_55123270.wav,Colony,n/a,Wheek,0.724000000000018
Wheek_2_Mar_20_2022_55123270_ms_155690_156756.wav,2_March_20_2022_55123270.wav,Colony,n/a,Wheek,1.066
Wheek_2_Mar_20_2022_55123270_ms_23584_25304.wav,2_March_20_2022_55123270.wav,Colony,n/a,Wheek,1.72
Wheek_2_Mar_20_2022_55123270_ms_79025_79933.wav,2_March_20_2022_55123270.wav,Colony,n/a,Wheek,0.908000000000001
Wheek_2_Mar_20_2022_55123270_ms_84577_86026.wav,2_March_20_2022_55123270.wav,Colony,n/a,Wheek,1.449
Wheek_2_Mar_20_2022_55123270_ms_89129_89888.wav,2_March_20_2022_55123270.wav,Colony,n/a,Wheek,0.759
Wheek_2_Mar_20_2022_55123270_ms_92812_93435.wav,2_March_20_2022_55123270.wav,Colony,n/a,Wheek,0.623000000000005
Wheek_2_Mar_20_2022_55123270_ms_97888_99347.wav,2_March_20_2022_55123270.wav,Colony,n/a,Wheek,1.45899999999999
Wheek_2_Mar_20_2022_55287954_ms_146014_147362.wav,2_March_20_2022_55287954.wav,Colony,n/a,Wheek,1.34799999999998
Wheek_2_Mar_20_2022_55287954_ms_151755_153154.wav,2_March_20_2022_55287954.wav,Colony,n/a,Wheek,1.399
Wheek_2_Mar_20_2022_55287954_ms_162116_163062.wav,2_March_20_2022_55287954.wav,Colony,n/a,Wheek,0.945999999999998
Wheek_2_Mar_20_2022_55287954_ms_24055_24833.wav,2_March_20_2022_55287954.wav,Colony,n/a,Wheek,0.777999999999999
Wheek_2_Mar_20_2022_55287954_ms_67017_68026.wav,2_March_20_2022_55287954.wav,Colony,n/a,Wheek,1.009
Wheek_2_Mar_20_2022_55287954_ms_72930_73844.wav,2_March_20_2022_55287954.wav,Colony,n/a,Wheek,0.913999999999987
Wheek_2_Mar_20_2022_55287954_ms_94500_95624.wav,2_March_20_2022_55287954.wav,Colony,n/a,Wheek,1.124
Wheek_2_Mar_20_2022_55452652_ms_23695_24696.wav,2_March_20_2022_55452652.wav,Colony,n/a,Wheek,1.001
Wheek_2_Mar_20_2022_55452652_ms_52812_53483.wav,2_March_20_2022_55452652.wav,Colony,n/a,Wheek,0.670999999999999
Wheek_2_Mar_20_2022_55617305_ms_101952_103250.wav,2_March_20_2022_55617305.wav,Colony,n/a,Wheek,1.298
Wheek_2_Mar_20_2022_55617305_ms_103330_104052.wav,2_March_20_2022_55617305.wav,Colony,n/a,Wheek,0.722000000000008
Wheek_2_Mar_20_2022_55617305_ms_109121_110114.wav,2_March_20_2022_55617305.wav,Colony,n/a,Wheek,0.993000000000009
Wheek_2_Mar_20_2022_55617305_ms_112941_114530.wav,2_March_20_2022_55617305.wav,Colony,n/a,Wheek,1.589
Wheek_2_Mar_20_2022_55617305_ms_116438_117297.wav,2_March_20_2022_55617305.wav,Colony,n/a,Wheek,0.858999999999995
Wheek_2_Mar_20_2022_55617305_ms_117547_118324.wav,2_March_20_2022_55617305.wav,Colony,n/a,Wheek,0.777000000000001
Wheek_2_Mar_20_2022_55617305_ms_128065_128805.wav,2_March_20_2022_55617305.wav,Colony,n/a,Wheek,0.740000000000009
Wheek_2_Mar_20_2022_55617305_ms_135797_136720.wav,2_March_20_2022_55617305.wav,Colony,n/a,Wheek,0.923000000000002
Wheek_2_Mar_20_2022_55617305_ms_31113_32067.wav,2_March_20_2022_55617305.wav,Colony,n/a,Wheek,0.954000000000001
Wheek_2_Mar_20_2022_55617305_ms_35951_36812.wav,2_March_20_2022_55617305.wav,Colony,n/a,Wheek,0.860999999999997
Wheek_2_Mar_20_2022_55617305_ms_40969_41738.wav,2_March_20_2022_55617305.wav,Colony,n/a,Wheek,0.768999999999998
Wheek_2_Mar_20_2022_55617305_ms_41739_42684.wav,2_March_20_2022_55617305.wav,Colony,n/a,Wheek,0.945
Wheek_2_Mar_20_2022_55617305_ms_50573_51400.wav,2_March_20_2022_55617305.wav,Colony,n/a,Wheek,0.826999999999998
Wheek_2_Mar_20_2022_55617305_ms_52929_53674.wav,2_March_20_2022_55617305.wav,Colony,n/a,Wheek,0.744999999999997
Wheek_2_Mar_20_2022_55617305_ms_54628_55345.wav,2_March_20_2022_55617305.wav,Colony,n/a,Wheek,0.716999999999999
Wheek_2_Mar_20_2022_55617305_ms_58430_59364.wav,2_March_20_2022_55617305.wav,Colony,n/a,Wheek,0.933999999999997
Wheek_2_Mar_20_2022_55617305_ms_61559_62184.wav,2_March_20_2022_55617305.wav,Colony,n/a,Wheek,0.625
Wheek_2_Mar_20_2022_55617305_ms_62909_63890.wav,2_March_20_2022_55617305.wav,Colony,n/a,Wheek,0.981000000000002
Wheek_2_Mar_20_2022_55617305_ms_86307_87177.wav,2_March_20_2022_55617305.wav,Colony,n/a,Wheek,0.870000000000005
Wheek_2_Mar_20_2022_55617305_ms_92229_93143.wav,2_March_20_2022_55617305.wav,Colony,n/a,Wheek,0.914000000000001
Wheek_2_Mar_20_2022_55617305_ms_93143_94078.wav,2_March_20_2022_55617305.wav,Colony,n/a,Wheek,0.935000000000002
Wheek_2_Mar_20_2022_55617305_ms_99325_100425.wav,2_March_20_2022_55617305.wav,Colony,n/a,Wheek,1.09999999999999
Wheek_2_Mar_20_2022_55781904_ms_121098_122157.wav,2_March_20_2022_55781904.wav,Colony,n/a,Wheek,1.059
Wheek_2_Mar_20_2022_55781904_ms_125149_125974.wav,2_March_20_2022_55781904.wav,Colony,n/a,Wheek,0.825000000000003
Wheek_2_Mar_20_2022_55781904_ms_132194_132960.wav,2_March_20_2022_55781904.wav,Colony,n/a,Wheek,0.76600000000002
Wheek_2_Mar_20_2022_55781904_ms_133793_134756.wav,2_March_20_2022_55781904.wav,Colony,n/a,Wheek,0.962999999999994
Wheek_2_Mar_20_2022_55781904_ms_140331_141187.wav,2_March_20_2022_55781904.wav,Colony,n/a,Wheek,0.856000000000023
Wheek_2_Mar_20_2022_55781904_ms_162337_163091.wav,2_March_20_2022_55781904.wav,Colony,n/a,Wheek,0.754000000000019
Wheek_2_Mar_20_2022_55781904_ms_38225_38952.wav,2_March_20_2022_55781904.wav,Colony,n/a,Wheek,0.726999999999997
Wheek_2_Mar_20_2022_55781904_ms_3897_4600.wav,2_March_20_2022_55781904.wav,Colony,n/a,Wheek,0.703
Wheek_2_Mar_20_2022_55781904_ms_45811_46732.wav,2_March_20_2022_55781904.wav,Colony,n/a,Wheek,0.920999999999999
Wheek_2_Mar_20_2022_55781904_ms_49220_50043.wav,2_March_20_2022_55781904.wav,Colony,n/a,Wheek,0.823
Wheek_2_Mar_20_2022_55781904_ms_50050_50920.wav,2_March_20_2022_55781904.wav,Colony,n/a,Wheek,0.870000000000005
Wheek_2_Mar_20_2022_55781904_ms_62870_64290.wav,2_March_20_2022_55781904.wav,Colony,n/a,Wheek,1.42000000000001
Wheek_2_Mar_20_2022_55781904_ms_67964_69382.wav,2_March_20_2022_55781904.wav,Colony,n/a,Wheek,1.41800000000001
Wheek_2_Mar_20_2022_55781904_ms_94491_95262.wav,2_March_20_2022_55781904.wav,Colony,n/a,Wheek,0.771000000000001
Wheek_2_Mar_20_2022_55781904_ms_97268_98837.wav,2_March_20_2022_55781904.wav,Colony,n/a,Wheek,1.569
Wheek_2_Mar_20_2022_55946688_ms_107865_108870.wav,2_March_20_2022_55946688.wav,Colony,n/a,Wheek,1.00500000000001
Wheek_2_Mar_20_2022_55946688_ms_12820_13496.wav,2_March_20_2022_55946688.wav,Colony,n/a,Wheek,0.676
Wheek_2_Mar_20_2022_55946688_ms_143270_143914.wav,2_March_20_2022_55946688.wav,Colony,n/a,Wheek,0.643999999999977
Wheek_2_Mar_20_2022_55946688_ms_22300_23628.wav,2_March_20_2022_55946688.wav,Colony,n/a,Wheek,1.328
Wheek_2_Mar_20_2022_55946688_ms_28600_29570.wav,2_March_20_2022_55946688.wav,Colony,n/a,Wheek,0.969999999999999
Wheek_2_Mar_20_2022_55946688_ms_2970_4000.wav,2_March_20_2022_55946688.wav,Colony,n/a,Wheek,1.03
Wheek_2_Mar_20_2022_55946688_ms_76603_77400.wav,2_March_20_2022_55946688.wav,Colony,n/a,Wheek,0.797000000000011
Wheek_2_Mar_20_2022_55946688_ms_89395_90116.wav,2_March_20_2022_55946688.wav,Colony,n/a,Wheek,0.721000000000004
Wheek_2_Mar_20_2022_55946688_ms_93434_94494.wav,2_March_20_2022_55946688.wav,Colony,n/a,Wheek,1.06
Wheek_2_Mar_20_2022_56111435_ms_10096_11345.wav,2_March_20_2022_56111435.wav,Colony,n/a,Wheek,1.249
Wheek_2_Mar_20_2022_56111435_ms_120327_121273.wav,2_March_20_2022_56111435.wav,Colony,n/a,Wheek,0.945999999999998
Wheek_2_Mar_20_2022_56111435_ms_135863_136838.wav,2_March_20_2022_56111435.wav,Colony,n/a,Wheek,0.974999999999994
Wheek_2_Mar_20_2022_56111435_ms_15323_16377.wav,2_March_20_2022_56111435.wav,Colony,n/a,Wheek,1.054
Wheek_2_Mar_20_2022_56111435_ms_27859_29020.wav,2_March_20_2022_56111435.wav,Colony,n/a,Wheek,1.161
Wheek_2_Mar_20_2022_56276167_ms_115179_116295.wav,2_March_20_2022_56276167.wav,Colony,n/a,Wheek,1.116
Wheek_2_Mar_20_2022_56276167_ms_91024_92416.wav,2_March_20_2022_56276167.wav,Colony,n/a,Wheek,1.392
Wheek_2_Mar_20_2022_56276167_ms_93540_94474.wav,2_March_20_2022_56276167.wav,Colony,n/a,Wheek,0.933999999999997
Wheek_2_Mar_20_2022_56440904_ms_16142_17241.wav,2_March_20_2022_56440904.wav,Colony,n/a,Wheek,1.099
Wheek_2_Mar_20_2022_56440904_ms_17327_18199.wav,2_March_20_2022_56440904.wav,Colony,n/a,Wheek,0.872
Wheek_2_Mar_20_2022_56440904_ms_4622_5730.wav,2_March_20_2022_56440904.wav,Colony,n/a,Wheek,1.108
Wheek_2_Mar_20_2022_56440904_ms_75510_76165.wav,2_March_20_2022_56440904.wav,Colony,n/a,Wheek,0.655000000000001
Wheek_2_Mar_20_2022_56605620_ms_114143_114864.wav,2_March_20_2022_56605620.wav,Colony,n/a,Wheek,0.721000000000004
Wheek_2_Mar_20_2022_56605620_ms_88132_89098.wav,2_March_20_2022_56605620.wav,Colony,n/a,Wheek,0.965999999999994
Wheek_2_Mar_20_2022_56770441_ms_12998_14536.wav,2_March_20_2022_56770441.wav,Colony,n/a,Wheek,1.538
Wheek_2_Mar_20_2022_56935124_ms_163595_164354.wav,2_March_20_2022_56935124.wav,Colony,n/a,Wheek,0.759000000000015
Wheek_2_Mar_20_2022_56935124_ms_34262_35131.wav,2_March_20_2022_56935124.wav,Colony,n/a,Wheek,0.869
Wheek_2_Mar_20_2022_56935124_ms_37775_38870.wav,2_March_20_2022_56935124.wav,Colony,n/a,Wheek,1.095
Wheek_2_Mar_20_2022_56935124_ms_48151_49872.wav,2_March_20_2022_56935124.wav,Colony,n/a,Wheek,1.721
Wheek_2_Mar_20_2022_56935124_ms_76684_77599.wav,2_March_20_2022_56935124.wav,Colony,n/a,Wheek,0.915000000000006
Wheek_2_Mar_20_2022_57100005_ms_0_1134.wav,2_March_20_2022_57100005.wav,Colony,n/a,Wheek,1.134
Wheek_2_Mar_20_2022_57100005_ms_10761_12115.wav,2_March_20_2022_57100005.wav,Colony,n/a,Wheek,1.354
Wheek_2_Mar_20_2022_57100005_ms_111919_112848.wav,2_March_20_2022_57100005.wav,Colony,n/a,Wheek,0.929000000000002
Wheek_2_Mar_20_2022_57100005_ms_114061_114742.wav,2_March_20_2022_57100005.wav,Colony,n/a,Wheek,0.680999999999997
Wheek_2_Mar_20_2022_57100005_ms_129549_130311.wav,2_March_20_2022_57100005.wav,Colony,n/a,Wheek,0.762
Wheek_2_Mar_20_2022_57100005_ms_17668_18327.wav,2_March_20_2022_57100005.wav,Colony,n/a,Wheek,0.659000000000002
Wheek_2_Mar_20_2022_57100005_ms_3343_4080.wav,2_March_20_2022_57100005.wav,Colony,n/a,Wheek,0.737
Wheek_2_Mar_20_2022_57100005_ms_4369_5470.wav,2_March_20_2022_57100005.wav,Colony,n/a,Wheek,1.101
Wheek_2_Mar_20_2022_57100005_ms_45374_46158.wav,2_March_20_2022_57100005.wav,Colony,n/a,Wheek,0.783999999999999
Wheek_2_Mar_20_2022_57100005_ms_62500_63724.wav,2_March_20_2022_57100005.wav,Colony,n/a,Wheek,1.224
Wheek_2_Mar_20_2022_57100005_ms_63735_64497.wav,2_March_20_2022_57100005.wav,Colony,n/a,Wheek,0.762
Wheek_2_Mar_20_2022_57264788_ms_103157_104074.wav,2_March_20_2022_57264788.wav,Colony,n/a,Wheek,0.917000000000002
Wheek_2_Mar_20_2022_57264788_ms_105215_105839.wav,2_March_20_2022_57264788.wav,Colony,n/a,Wheek,0.623999999999995
Wheek_2_Mar_20_2022_57264788_ms_114723_115454.wav,2_March_20_2022_57264788.wav,Colony,n/a,Wheek,0.730999999999995
Wheek_2_Mar_20_2022_57264788_ms_159830_161312.wav,2_March_20_2022_57264788.wav,Colony,n/a,Wheek,1.482
Wheek_2_Mar_20_2022_57264788_ms_63402_64439.wav,2_March_20_2022_57264788.wav,Colony,n/a,Wheek,1.03699999999999
Wheek_2_Mar_20_2022_57264788_ms_75361_76037.wav,2_March_20_2022_57264788.wav,Colony,n/a,Wheek,0.676000000000002
Wheek_2_Mar_20_2022_57429592_ms_137583_138289.wav,2_March_20_2022_57429592.wav,Colony,n/a,Wheek,0.705999999999989
Wheek_2_Mar_20_2022_57429592_ms_140150_140973.wav,2_March_20_2022_57429592.wav,Colony,n/a,Wheek,0.823000000000008
Wheek_2_Mar_20_2022_57429592_ms_156883_157593.wav,2_March_20_2022_57429592.wav,Colony,n/a,Wheek,0.70999999999998
Wheek_2_Mar_20_2022_57429592_ms_47916_48922.wav,2_March_20_2022_57429592.wav,Colony,n/a,Wheek,1.006
Wheek_2_Mar_20_2022_57429592_ms_50762_51761.wav,2_March_20_2022_57429592.wav,Colony,n/a,Wheek,0.999000000000002
Wheek_2_Mar_20_2022_57759142_ms_102333_103029.wav,2_March_20_2022_57759142.wav,Colony,n/a,Wheek,0.695999999999998
Wheek_2_Mar_20_2022_57759142_ms_109550_110378.wav,2_March_20_2022_57759142.wav,Colony,n/a,Wheek,0.828000000000003
Wheek_2_Mar_20_2022_57759142_ms_118138_119230.wav,2_March_20_2022_57759142.wav,Colony,n/a,Wheek,1.092
Wheek_2_Mar_20_2022_57759142_ms_13186_14472.wav,2_March_20_2022_57759142.wav,Colony,n/a,Wheek,1.286
Wheek_2_Mar_20_2022_57759142_ms_80745_81880.wav,2_March_20_2022_57759142.wav,Colony,n/a,Wheek,1.13499999999999
Wheek_2_Mar_20_2022_57759142_ms_81910_83277.wav,2_March_20_2022_57759142.wav,Colony,n/a,Wheek,1.367
Wheek_2_Mar_20_2022_57759142_ms_85135_86525.wav,2_March_20_2022_57759142.wav,Colony,n/a,Wheek,1.39
Wheek_2_Mar_20_2022_57759142_ms_86935_88145.wav,2_March_20_2022_57759142.wav,Colony,n/a,Wheek,1.20999999999999
Wheek_2_Mar_20_2022_57923915_ms_110277_111491.wav,2_March_20_2022_57923915.wav,Colony,n/a,Wheek,1.214
Wheek_2_Mar_20_2022_57923915_ms_118485_119623.wav,2_March_20_2022_57923915.wav,Colony,n/a,Wheek,1.13800000000001
Wheek_2_Mar_20_2022_57923915_ms_134501_135855.wav,2_March_20_2022_57923915.wav,Colony,n/a,Wheek,1.35399999999998
Wheek_2_Mar_20_2022_57923915_ms_23744_24440.wav,2_March_20_2022_57923915.wav,Colony,n/a,Wheek,0.696000000000002
Wheek_2_Mar_20_2022_57923915_ms_32568_33808.wav,2_March_20_2022_57923915.wav,Colony,n/a,Wheek,1.24
Wheek_2_Mar_20_2022_57923915_ms_35739_36458.wav,2_March_20_2022_57923915.wav,Colony,n/a,Wheek,0.719000000000001
Wheek_2_Mar_20_2022_57923915_ms_39179_39881.wav,2_March_20_2022_57923915.wav,Colony,n/a,Wheek,0.701999999999998
Wheek_2_Mar_20_2022_57923915_ms_57125_58015.wav,2_March_20_2022_57923915.wav,Colony,n/a,Wheek,0.890000000000001
Wheek_2_Mar_20_2022_57923915_ms_65489_66328.wav,2_March_20_2022_57923915.wav,Colony,n/a,Wheek,0.838999999999999
Wheek_2_Mar_20_2022_57923915_ms_69363_70277.wav,2_March_20_2022_57923915.wav,Colony,n/a,Wheek,0.914000000000001
